timestamp,user_id,hour,data_volume_mb,location_score,action
2026-03-01 09:15,student_01,9,12,1,login
2026-03-01 10:30,student_01,10,25,1,file_read
2026-03-01 11:45,student_02,11,15,1,login
2026-03-01 14:00,student_01,14,10,2,file_read
2026-03-01 15:30,faculty_05,15,45,1,login
2026-03-01 16:20,student_02,16,18,1,file_read
2026-03-02 02:10,unknown_ext,2,950,9,bulk_download
2026-03-02 03:45,student_01,3,1200,8,unauthorized_access
2026-03-02 10:00,student_03,10,12,1,login
2026-03-02 12:30,faculty_05,12,30,2,file_read
